image,ground_truth,prediction,CER_score
test001_1.jpg,B9140BCD,S140BC,0.3750
test001_2.jpg,B2407UZO,RS707PRO,0.6250
test001_3.jpg,B2842PKM,IS2832PKM,0.3750
test002_1.jpg,BG1352AE,BC1352AE,0.1250
test003_1.jpg,B2634UZF,U2632UF,0.3750
test003_2.jpg,B1995JVK,DS1995JUK,0.3750
test004_1.jpg,B9062VEH,DS6903YE,0.8750
test005_1.jpg,DD8798KM,THELICENSEPLATENUMBERSHOWNINTHEIMAGEISDDD2798,5.2500
test006_1.jpg,T1329KC,DS1329KC,0.2857
test007_1.jpg,AD8865EE,THELICENSEPLATENUMBERSHOWNINTHEIMAGEISAD865,5.1250
test008_1.jpg,DK1157AAB,AAABDK1157,0.7778
test008_2.jpg,AA1997FE,DS1997F,0.3750
test009_1.jpg,H8518NA,THEBLACKANDWHITEIMAGESHOWSACLOSEUPVIEWOFALICENSEPLATEFOCUSINGONTHENUMBERSANDLETTERNONTHEPLATETHELICENSEPLATEREADSF80518,16.5714
test009_2.jpg,K1649GB,UK1649IN,0.4286
test010_1.jpg,B9416PCN,B916PNC,0.3750
test010_2.jpg,H1147UY,FH1117UY,0.2857
test011_1.jpg,H1691IL,IS1691IL,0.2857
test011_2.jpg,B9374RI,THELICENSEPLATENUMBERSHOWNINTHEIMAGEISB99371,6.0000
test011_3.jpg,D1204AIG,IS1204AIG,0.2500
test012_1.jpg,E1887BA,IS1887BA,0.2857
test013_1.jpg,B1439UZP,IS1389UZP,0.5000
test013_2.jpg,B1128WOS,THELICENSEPLATENUMBERSHOWNINTHEIMAGEIS11123WOS,4.8750
test014_1.jpg,B1388DFX,IS1388DFX,0.2500
test015_1.jpg,AD1798BT,DS1798BT,0.2500
test016_1.jpg,E1517DQ,WL167DOU,0.8571
test017_1.jpg,AD8982FS,AD8932FS,0.1250
test018_1.jpg,L7603UA,THELICENSEPLATENUMBERSHOWNINTHEIMAGEISAWA7603,6.0000
test019_1.jpg,AD7HS,AD7HS,0.0000
test019_2.jpg,B1959WYK,B1959WYK,0.0000
test020_1.jpg,AG8634EK,AW263EK,0.3750
test020_2.jpg,AD1329PY,AD1328PY,0.1250
test021_1.jpg,BA1709DW,RS1709DW,0.2500
test021_2.jpg,W1236VZ,RS1236VZ,0.2857
test022_1.jpg,W1825OZ,ND0DB,1.0000
test022_2.jpg,L1202UE,L1202UE,0.0000
test022_3.jpg,L3823IB,THELICENSEPLATENUMBERSHOWNINTHEIMAGEIS3829,5.7143
test023_1.jpg,B1730JLO,IS1723JL,0.6250
test024_1.jpg,B2964TRU,BB2961TR,0.3750
test025_1.jpg,S5585LP,IS5505LP,0.2857
test025_2.jpg,L2858RR,L2050RA,0.4286
test025_3.jpg,W1185ZO,DS186ZO,0.4286
test025_4.jpg,9840VU,IS1980VU,0.6667
test026_1.jpg,N9652DF,IS9652DE,0.4286
test026_2.jpg,L3836ZX,THELICENSEPLATENUMBERSHOWNINTHEIMAGEISL13836XZ,5.8571
test027_1.jpg,N1905IG,N1905DIS,0.2857
test027_2.jpg,B1109CLR,BB109CLR,0.1250
test027_3.jpg,L1840AA,DS1840AA,0.2857
test028_1.jpg,L1438EO,E138FV,0.5714
test028_2.jpg,L1436AAA,DS1436AA,0.3750
test029_1.jpg,W1518WF,IS1516WN,0.5714
test029_2.jpg,G1986N,DS1986GNC,0.6667
test029_3.jpg,L1588OO,RS1588ARE,0.7143
test029_4.jpg,L1436AAA,DS1436AAA,0.2500
test030_1.jpg,S8062NF,IS8062NF,0.1429
test030_2.jpg,G1894TE,OD296AND,1.0000
test031_1.jpg,L1560JQ,JL1560Q,0.2857
test031_2.jpg,L1568QO,1568,0.4286
test031_3.jpg,L1932AAZ,L1932AZ,0.1250
test032_1.jpg,B2754SKY,B273SKY,0.2500
test032_2.jpg,W1192K,W1932K,0.3333
test033_1.jpg,L4561VK,L4561VW,0.1429
test033_2.jpg,L2693GA,L82693,0.4286
test033_3.jpg,W9847G,IS984G,0.5000
test033_4.jpg,L1762ABJ,IS1762AJ,0.3750
test034_1.jpg,L1811SU,L1811SU,0.0000
test034_2.jpg,W1167VO,IS1161VB,0.5714
test034_3.jpg,S6131OCF,S61LOC,0.3750
test034_4.jpg,L2570AAD,L2570AA,0.1250
test035_1.jpg,L9643NN,RE9623N,0.5714
test035_2.jpg,L5247GI,THELICENSEPLATENUMBERSHOWNINTHEIMAGEIS52376519,6.0000
test035_3.jpg,L2498AAM,IS2600AAM,0.6250
test035_4.jpg,W1696YO,DS1696WY,0.5714
test036_1.jpg,B1231JJA,B1231JA,0.1250
test036_2.jpg,B1618UAE,B168UAE,0.1250
test037_1.jpg,L1775VO,IS1775VOL,0.4286
test037_2.jpg,L300RX,DS300RX,0.3333
test037_3.jpg,L1879VG,L879VC,0.2857
test038_1.jpg,D1523YCN,DS1523YNC,0.3750
test038_2.jpg,L1877ACU,IS1877ACU,0.2500
test039_1.jpg,L1069VK,WK1089AND,0.8571
test040_1.jpg,S1595LL,IS1595L,0.2857
test041_1.jpg,B1231JJA,DS123JA,0.5000
test042_1.jpg,AD1174SF,DS1171AD,0.6250
test043_1.jpg,W1898YW,THEBLACKANDWHITEIMAGESHOWSTHREEDIFFERENTLICENSEPLATESEACHWITHADIFFERENTEXPIRATIONDATETHEFIRSTPLATEEXPIRESONMARCH28THESECONDONEEXPIRESONMAY28ANDTHETHIRDONEEXPIRESONJULY28,23.5714
test043_2.jpg,W1470PG,DS1460PG,0.4286
test044_1.jpg,L1930KF,IS1930KF,0.2857
test044_2.jpg,N1004HE,N104HE,0.1429
test045_1.jpg,S1347LJ,RS1347ON,0.4286
test046_1.jpg,L1470ABK,RS1460ABK,0.3750
test046_2.jpg,L1265MX,L1265MX,0.0000
test047_1.jpg,N1524SY,IS1523SY,0.4286
test047_2.jpg,L1678ACE,THEBLACKANDWHITECLOSEUPOFALICENSEPLATEWHICHREADSACEWASTAKENONOCTOBER281968,8.7500
test048_1.jpg,L9316BC,IS9316BC,0.2857
test048_2.jpg,W1838AY,RE1838AYW,0.4286
test049_1.jpg,N1376DE,IS1376N,0.5714
test049_2.jpg,N79AP,IS79IP,0.6000
test050_1.jpg,L1265OF,WA1265OF,0.2857
test050_2.jpg,N1095G,THELICENSEPLATESHOWNINTHEIMAGEHASABLACKANDWHITEFILTERAPPLIEDTOITMAKINGITAPPEARGRAINYTHENUMBERSONTHELICENSEPLATEARE10965THISFILTERGIVESTHEIMAGEAVINTAGEORNOSTALGICFEELEMPHASIZINGTHENUMBERSANDCONTRASTINGWITHTHEBACKGROUND,35.5000
test051_1.jpg,N1718HC,DS1718HC,0.2857
test052_1.jpg,N6497KS,N689KS,0.2857
test052_2.jpg,N5235ABX,N5236ABX,0.1250
test052_3.jpg,N4980KJ,N4980KJ,0.0000
test053_1.jpg,N1365AAO,RS1365DIS,0.6250
test054_1.jpg,N1077AAK,IS1076AAK,0.3750
test054_2.jpg,N1084AAO,RE1084AA,0.3750
test055_1.jpg,N1610KS,N160KS,0.1429
test056_1.jpg,N924CIA,IS926CIA,0.4286
test056_2.jpg,N1623HB,IS1623HB,0.2857
test056_3.jpg,L1430HF,IS1430HF,0.2857
test057_1.jpg,N1342T,1342,0.3333
test057_2.jpg,N4145AB,A145AB,0.2857
test057_3.jpg,N1396AAH,RS1396AAH,0.2500
test058_1.jpg,N3153ACB,N3156ACB,0.1250
test058_2.jpg,N5829KJ,DS5029KJ,0.4286
test058_3.jpg,N1780JL,N1780JL,0.0000
test059_1.jpg,W8774PA,THELICENSEPLATESHOWNINTHEIMAGEREADSPW3796,5.8571
test059_2.jpg,B9162FXU,B9162FUX,0.2500
test060_1.jpg,L1846JE,L1846J,0.1429
test060_2.jpg,M1457ITA,IS1461TA,0.6250
test061_1.jpg,AA1971KJ,AA1971KJ,0.0000
test061_2.jpg,BD1146DH,RS1146DIS,0.5000
test062_1.jpg,B9654PEU,DS965PEU,0.3750
test062_2.jpg,AE7244S,AE1723S,0.4286
test063_1.jpg,S1208BI,S1208BI,0.0000
test064_1.jpg,AE8137G,AE8139G,0.1429
test065_1.jpg,H1706SW,GE1606IN,0.7143
test066_1.jpg,T1220HS,IS1230HS,0.4286
test066_2.jpg,H1790ZY,FH1790ZY,0.1429
test067_1.jpg,L1855BR,IS1835BR,0.4286
test067_2.jpg,AB1274EV,THELICENSEPLATENUMBERSHOWNINTHEIMAGEIS12376EV,4.7500
test068_1.jpg,B2310UZS,IS2310USJ,0.5000
test068_2.jpg,G1264CM,ND18D,1.0000
test069_1.jpg,AA1138AK,AA1138AK,0.0000
test070_1.jpg,B2160TOB,BB2160TOB,0.1250
test070_2.jpg,B2597BYK,IS2597BYK,0.2500
test071_1.jpg,G9545AG,G95AG,0.2857
test072_1.jpg,BG1870IB,IS1870BC,0.5000
test073_1.jpg,T1187HB,IS1987HB,0.4286
test073_2.jpg,A1330FP,DS1330FP,0.2857
test074_1.jpg,G1368GE,IS1386GEO,0.7143
test074_2.jpg,B1081CMR,CB1081CMR,0.1250
test075_1.jpg,G2474XZ,G207XZS,0.4286
test075_2.jpg,G9173BP,IS9173BP,0.2857
test075_3.jpg,7066OF,RE7300AND,1.1667
test076_1.jpg,G2151ASF,G2151ASF,0.0000
test076_2.jpg,E500MA,NG500MA,0.3333
test076_3.jpg,G4689SN,G1309SN,0.4286
test077_1.jpg,G1754QZ,IS1754OZ,0.4286
test078_1.jpg,H1413DH,IS1413DH,0.2857
test079_1.jpg,T1688GY,DS1688GY,0.2857
test079_2.jpg,A1260AJ,A1236C,0.5714
test080_1.jpg,D77HSB,DS73HSB,0.3333
test080_2.jpg,B1861TOI,BB1861TY,0.3750
test080_3.jpg,D1160ADE,DS160ADE,0.1250
test081_1.jpg,F8097BD,THELICENSEPLATENUMBERSHOWNINTHEIMAGEIS80975F,5.7143
test081_2.jpg,F1992AM,OF1982FNM,0.5714
test082_1.jpg,E1824YZ,E1823YZ,0.1429
test082_2.jpg,B9093UEX,B903UX,0.2500
test083_1.jpg,F5052AAE,F5052AE,0.1250
test083_2.jpg,F5452CQ,F552CO,0.2857
test084_1.jpg,B1158PYP,RS1168PYY,0.5000
test084_2.jpg,B1242VOY,B123VOY,0.2500
test085_1.jpg,B1315KIF,BB1315KF,0.2500
test085_2.jpg,B2938FVJ,B2938FVJ,0.0000
test085_3.jpg,B2560SKZ,B2560SKZ,0.0000
test086_1.jpg,B1291NOJ,B1239NJ,0.3750
test086_2.jpg,B1556NRC,DS1565NRC,0.5000
test087_1.jpg,B6823WXR,B6823WRX,0.2500
test087_2.jpg,B6317NXK,BB6317NXX,0.2500
test087_3.jpg,F2215FCQ,F2156AND,0.6250
test087_4.jpg,4039NHR,AD4039NH,0.4286
test088_1.jpg,B2190TYB,BB2190TYB,0.1250
test088_2.jpg,B1902VKA,NG1902VKA,0.2500
test089_1.jpg,D8609N,D8096N,0.3333
test089_2.jpg,A8406ZE,A8506E,0.2857
test089_3.jpg,B1246KRK,BB126KRK,0.2500
test090_1.jpg,T9314E,THELICENSEPLATENUMBERSHOWNINTHEIMAGEIS9316,6.5000
test090_2.jpg,N9579U,THELICENSEPLATESHOWNINTHEIMAGEHASABLACKANDWHITECOLORSCHEMEWHICHMAKESITDIFFICULTTODETERMINETHEACTUALCOLORSOFTHEPLATEHOWEVERTHENUMBERSONTHEPLATEARE9569ANDTHEPLATEISFROMTHEUNITEDSTATES,29.3333
test091_1.jpg,B2910KZW,DS2890KWZ,0.7500
test091_2.jpg,B9721KXV,B972UV,0.3750
test092_1.jpg,B1104AAA,AA109AND,0.6250
test092_2.jpg,T1579FN,PT159FN,0.2857
test092_3.jpg,B2346POC,2356PC,0.3750
test093_1.jpg,B2026BIU,IS2026BUD,0.5000
test094_1.jpg,G1255EJ,THELICENSEPLATENUMBERSHOWNINTHEIMAGEIS12356EJ,5.5714
test095_1.jpg,B1201KAD,B1203KAD,0.1250
test095_2.jpg,B2310JUK,B2330JUK,0.1250
test095_3.jpg,B28YHH,DS28YH,0.5000
test096_1.jpg,B1354COJ,THELICENSEPLATENUMBERSHOWNINTHEIMAGEIS13351COJ,4.8750
test096_2.jpg,B1502NRO,BW1502NRR,0.2500
test097_1.jpg,B1650NOG,IS1650NOG,0.2500
test097_2.jpg,B6354SVL,BD6354SL,0.2500
test098_1.jpg,B1779DOB,IS1779DOB,0.2500
test099_1.jpg,B2017PBQ,THELICENSEPLATESHOWNINTHEIMAGEREADSPDOB2017,5.1250
test099_2.jpg,B1892WZT,IS1892WZT,0.2500
test100_1.jpg,B1071PRG,B1071PRG,0.0000
test100_2.jpg,B2134PZJ,IS2196PZJ,0.5000
